{"cameraMode":{"drawMode":0,"name":"Shaded","section":"Shading Mode"},"sceneLighting":true,"audioPlay":false,"sceneViewState":{"m_AlwaysRefresh":false,"showFog":true,"showSkybox":false,"showFlares":true,"showImageEffects":true,"showParticleSystems":true,"showVisualEffectGraphs":true,"m_FxEnabled":true},"in2DMode":false,"pivot":{"x":-23.388450622558595,"y":42.108978271484378,"z":19.188201904296876},"rotation":{"x":-0.14115960896015168,"y":-0.12643679976463319,"z":0.018181385472416879,"w":-0.9817147254943848},"size":87.59785461425781,"orthographic":false}